year,share_ai_generated
1960,0.0
1975,0.0
1996,0.0
1997,0.0
1999,0.0
2001,0.0
2002,0.0
2003,0.0
2004,0.0
2007,0.0
2008,0.0
2009,0.0
2010,0.0
2011,0.0
2012,0.0
2013,0.0
2014,0.0
2015,0.0
2016,0.0
2017,0.0
2018,0.0
2019,0.0
2020,0.0
2021,0.0
2022,0.0
2023,0.0
2024,0.004629629629629629
2025,0.029339853300733496
2026,0.044444444444444446
